1988,1,22,1,22,43.091,66.615
1988,1,22,2,58,43.031,67.063
1988,1,22,4,38,42.944,67.503
1988,1,22,6,18,42.865,67.945
1988,1,22,8,6,42.768,68.379
1988,1,22,9,47,42.715,68.826
1988,1,22,11,23,42.648,69.269
1988,1,22,12,55,42.568,69.708
1988,2,15,11,5,42.585,69.996
1988,2,15,12,32,42.635,69.549
1988,2,15,14,2,42.689,69.103
1988,2,15,15,32,42.754,68.658
1988,2,15,17,5,42.817,68.212
1988,2,15,18,38,42.89,67.768
1988,2,15,20,8,42.965,67.325
1988,2,15,21,40,43.062,66.89
1988,3,20,1,54,42.598,69.729
1988,3,20,3,53,42.654,69.282
1988,3,20,5,59,42.714,68.836
1988,3,20,8,5,42.791,68.395
1988,3,20,10,7,42.873,67.954
1988,3,20,12,13,42.952,67.513
1988,3,20,14,18,43.025,67.07
1988,3,20,16,25,43.095,66.626
1988,4,16,4,14,42.581,69.721
1988,4,16,6,11,42.655,69.279
1988,4,16,8,17,42.738,68.84
1988,4,16,10,30,42.833,68.404
1988,4,16,12,55,42.901,67.963
1988,4,16,14,46,42.943,67.513
1988,4,16,16,34,43.008,67.066
1988,4,16,18,11,43.072,66.618
1988,5,10,19,15,42.555,69.933
1988,5,10,20,47,42.633,69.493
1988,5,10,22,18,42.704,69.05
1988,5,10,23,49,42.761,68.603
1988,5,11,1,20,42.844,68.163
1988,5,11,2,48,42.912,67.719
1988,5,11,4,18,42.984,67.274
1988,5,11,5,50,43.061,66.83
1988,6,11,3,29,42.594,69.642
1988,6,11,5,9,42.67,69.201
1988,6,11,6,46,42.743,68.758
1988,6,11,8,26,42.817,68.316
1988,6,11,9,59,42.885,67.871
1988,6,11,12,3,42.965,67.429
1988,6,11,13,59,43.033,66.982
1988,7,8,20,36,42.582,69.788
1988,7,8,22,11,42.66,69.347
1988,7,8,23,46,42.722,68.902
1988,7,9,1,13,42.783,68.455
1988,7,9,2,41,42.841,68.008
1988,7,9,4,16,42.925,67.569
1988,7,9,5,51,42.993,67.123
1988,7,9,7,29,43.088,66.687
1988,8,13,3,30,42.594,69.668
1988,8,13,5,18,42.661,69.224
1988,8,13,7,18,42.736,68.784
1988,8,13,9,9,42.806,68.34
1988,8,13,11,3,42.894,67.902
1988,8,13,12,57,42.954,67.454
1988,8,13,14,59,43.033,67.012
1988,9,10,3,36,42.592,69.683
1988,9,10,5,17,42.654,69.239
1988,9,10,7,11,42.722,68.795
1988,9,10,8,55,42.813,68.358
1988,9,10,10,34,42.876,67.912
1988,9,10,12,9,42.961,67.473
1988,9,10,14,3,43.028,67.027
1988,10,24,23,12,42.617,69.974
1988,10,25,0,49,42.652,69.524
1988,10,25,2,22,42.702,69.076
1988,10,25,3,54,42.761,68.629
1988,10,25,5,26,42.823,68.183
1988,10,25,6,55,42.89,67.738
1988,10,25,8,25,42.972,67.296
1988,10,25,9,54,43.062,66.857
1988,11,19,3,51,42.592,69.791
1988,11,19,5,39,42.649,69.346
1988,11,19,7,24,42.721,68.903
1988,11,19,9,8,42.794,68.46
1988,11,19,10,57,42.873,68.019
1988,11,19,12,47,42.926,67.57
1988,11,19,14,51,42.999,67.126
1988,11,19,16,48,43.077,66.682
1988,12,10,10,25,42.563,69.718
1988,12,10,11,56,42.6,69.268
1988,12,10,13,27,42.723,68.851
1988,12,10,14,56,42.805,68.411
1988,12,10,16,24,42.873,67.966
1988,12,10,17,51,42.928,67.518
1988,12,10,19,22,43.01,67.078
1988,12,10,20,51,43.084,66.633
1989,1,4,22,39,43.162,66.666
1989,1,5,1,42,43.216,67.116
1989,1,5,5,23,43.248,67.571
1989,1,5,10,43,43.245,68.028
1989,1,5,14,19,43.202,68.481
1989,1,5,17,23,43.137,68.929
1989,1,5,20,31,43.079,69.378
1989,1,5,22,51,42.977,69.811
1989,2,4,3,21,42.537,69.96
1989,2,4,4,13,42.573,69.739
1989,2,4,5,59,42.65,69.299
1989,2,4,7,44,42.711,68.854
1989,2,4,9,36,42.799,68.416
1989,2,4,11,26,42.891,67.98
1989,2,4,13,17,42.947,67.533
1989,2,4,14,53,43.009,67.085
1989,2,4,16,41,43.076,66.639
1989,3,7,0,9,42.565,69.937
1989,3,7,0,55,42.597,69.715
1989,3,7,2,30,42.66,69.27
1989,3,7,4,10,42.729,68.827
1989,3,7,5,56,42.783,68.379
1989,3,7,7,47,42.874,67.943
1989,3,7,9,29,42.946,67.499
1989,3,7,11,19,43.033,67.059
1989,3,7,13,9,43.134,66.624
1989,4,8,2,2,42.561,69.95
1989,4,8,2,47,42.601,69.73
1989,4,8,4,21,42.674,69.288
1989,4,8,5,56,42.733,68.841
1989,4,8,7,32,42.804,68.398
1989,4,8,9,9,42.88,67.955
1989,4,8,10,49,42.942,67.508
1989,4,8,12,39,43.029,67.069
1989,4,8,14,34,43.117,66.629
1989,5,6,4,31,42.578,69.781
1989,5,6,6,13,42.642,69.337
1989,5,6,8,12,42.721,68.897
1989,5,6,10,13,42.81,68.46
1989,5,6,12,13,42.88,68.015
1989,5,6,13,55,42.967,67.576
1989,5,6,15,47,43.059,67.138
1989,5,6,17,30,43.109,66.687
1989,6,17,3,24,42.592,69.796
1989,6,17,5,1,42.658,69.352
1989,6,17,6,53,42.736,68.911
1989,6,17,8,41,42.804,68.467
1989,6,17,10,25,42.876,68.023
1989,6,17,12,20,42.919,67.576
1989,6,17,14,12,43.027,67.146
1989,6,17,16,7,43.071,66.697
1989,7,8,3,53,42.616,69.584
1989,7,8,5,28,42.694,69.143
1989,7,8,7,8,42.763,68.699
1989,7,8,9,3,42.818,68.251
1989,7,8,11,7,42.863,67.801
1989,7,8,13,11,42.911,67.353
1989,7,8,15,36,43.056,66.946
1989,8,5,3,23,42.575,69.795
1989,8,5,5,15,42.657,69.356
1989,8,5,7,12,42.716,68.91
1989,8,5,8,58,42.78,68.465
1989,8,5,10,45,42.846,68.019
1989,8,5,12,32,42.931,67.58
1989,8,5,14,25,43.011,67.138
1989,8,5,16,27,43.096,66.697
1989,9,2,3,30,42.605,69.753
1989,9,2,5,31,42.675,69.31
1989,9,2,7,35,42.734,68.864
1989,9,2,9,26,42.804,68.42
1989,9,2,11,10,42.835,67.973
1989,9,2,13,6,42.943,67.542
1989,9,2,15,3,43.029,67.102
1989,9,2,16,44,43.085,66.655
1989,10,7,3,13,42.547,69.663
1989,10,7,5,19,42.645,69.233
1989,10,7,7,7,42.728,68.794
1989,10,7,8,54,42.805,68.353
1989,10,7,10,36,42.87,67.907
1989,10,7,12,25,42.942,67.463
1989,10,7,14,16,43.034,67.025
1989,11,4,4,58,42.591,69.737
1989,11,4,7,0,42.669,69.297
1989,11,4,8,52,42.735,68.853
1989,11,4,10,42,42.796,68.406
1989,11,4,12,27,42.856,67.959
1989,11,4,14,6,42.937,67.519
1989,11,4,16,0,43.023,67.079
1989,11,4,17,53,43.098,66.634
1989,12,9,4,42,42.612,69.625
1989,12,9,6,31,42.679,69.181
1989,12,9,8,25,42.754,68.739
1989,12,9,10,14,42.828,68.296
1989,12,9,12,5,42.897,67.852
1989,12,9,13,54,42.922,67.399
1989,12,9,15,59,43.012,66.961
1990,1,1,5,2,42.574,69.69
1990,1,1,6,56,42.667,69.255
1990,1,1,8,41,42.74,68.813
1990,1,1,10,32,42.81,68.369
1990,1,1,12,22,42.878,67.924
1990,1,1,14,13,42.951,67.48
1990,1,1,16,10,43.022,67.035
1990,2,13,0,35,42.587,69.763
1990,2,13,2,2,42.651,69.319
1990,2,13,4,16,42.72,68.876
1990,2,13,5,44,42.793,68.433
1990,2,13,7,12,42.856,67.987
1990,2,13,8,40,42.912,67.539
1990,2,13,10,12,42.994,67.098
1990,2,13,11,46,43.089,66.66
1990,3,6,1,46,42.574,69.799
1990,3,6,3,21,42.646,69.357
1990,3,6,4,56,42.719,68.914
1990,3,6,6,28,42.805,68.477
1990,3,6,8,2,42.877,68.034
1990,3,6,9,32,42.953,67.591
1990,3,6,11,8,43.026,67.146
1990,3,6,12,41,43.074,66.695
1990,4,21,3,16,42.57,69.791
1990,4,21,5,6,42.637,69.347
1990,4,21,7,2,42.712,68.906
1990,4,21,8,54,42.795,68.466
1990,4,21,10,49,42.865,68.022
1990,4,21,12,42,42.919,67.573
1990,4,21,14,34,42.986,67.127
1990,4,21,16,25,43.04,66.678
1990,5,19,4,8,42.577,69.73
1990,5,19,5,55,42.672,69.296
1990,5,19,7,45,42.72,68.847
1990,5,19,9,35,42.791,68.404
1990,5,19,11,28,42.862,67.96
1990,5,19,13,20,42.936,67.517
1990,5,19,15,5,43.001,67.07
1990,5,19,17,0,43.09,66.63
1990,6,9,2,57,42.594,69.779
1990,6,9,4,51,42.659,69.337
1990,6,9,6,30,42.705,68.889
1990,6,9,8,16,42.763,68.442
1990,6,9,10,7,42.827,67.997
1990,6,9,12,2,42.926,67.566
1990,6,9,14,3,43.01,67.125
1990,6,9,16,4,43.071,66.677
1990,7,7,3,44,42.566,69.796
1990,7,7,5,29,42.636,69.354
1990,7,7,7,21,42.709,68.913
1990,7,7,9,10,42.765,68.466
1990,7,7,11,9,42.856,68.029
1990,7,7,13,0,42.92,67.583
1990,7,7,15,0,42.998,67.141
1990,7,7,16,51,43.075,66.697
1990,8,4,4,15,42.569,69.766
1990,8,4,5,58,42.626,69.32
1990,8,4,7,46,42.706,68.88
1990,8,4,9,33,42.791,68.442
1990,8,4,11,25,42.863,67.998
1990,8,4,13,22,42.935,67.554
1990,8,4,15,12,43.002,67.108
1990,8,4,17,9,43.075,66.663
1990,9,8,7,43,42.568,69.794
1990,9,8,10,13,42.657,69.358
1990,9,8,12,47,42.73,68.917
1990,9,8,15,17,42.792,68.472
1990,9,8,16,20,42.834,68.252
1990,9,8,18,22,42.913,67.811
1990,9,8,19,11,42.935,67.586
1990,9,8,21,5,42.986,67.138
1990,9,8,22,56,43.074,66.697
1990,10,6,3,59,42.555,69.738
1990,10,6,6,0,42.621,69.296
1990,10,6,8,8,42.731,68.868
1990,10,6,9,53,42.797,68.424
1990,10,6,11,38,42.884,67.986
1990,10,6,13,22,42.96,67.545
1990,10,6,15,13,42.99,67.092
1990,10,6,17,1,43.069,66.649
1990,11,10,3,47,42.582,69.784
1990,11,10,5,29,42.664,69.345
1990,11,10,7,22,42.748,68.909
1990,11,10,9,2,42.78,68.457
1990,11,10,10,52,42.859,68.017
1990,11,10,12,32,42.933,67.573
1990,11,10,14,26,42.999,67.127
1990,11,10,16,26,43.089,66.688
1990,12,8,4,32,42.583,69.74
1990,12,8,6,11,42.66,69.3
1990,12,8,7,52,42.737,68.858
1990,12,8,9,31,42.798,68.412
1990,12,8,11,27,42.868,67.968
1990,12,8,13,8,42.936,67.523
1990,12,8,14,57,43.01,67.079
1990,12,8,17,8,43.091,66.637
1991,1,5,6,51,42.608,69.659
1991,1,5,8,22,42.678,69.216
1991,1,5,9,53,42.73,68.769
1991,1,5,11,29,42.805,68.327
1991,1,5,13,5,42.881,67.884
1991,1,5,14,42,42.957,67.441
1991,1,5,16,33,43.033,66.998
1991,2,3,1,15,42.573,69.796
1991,2,3,3,22,42.645,69.355
1991,2,3,5,28,42.712,68.911
1991,2,3,7,37,42.779,68.466
1991,2,3,9,46,42.852,68.023
1991,2,3,11,53,42.916,67.577
1991,2,3,14,5,42.986,67.133
1991,2,3,16,21,43.062,66.689
1991,3,16,7,56,42.572,69.8
1991,3,16,10,13,42.647,69.36
1991,3,16,12,17,42.697,68.912
1991,3,16,14,24,42.766,68.468
1991,3,16,16,36,42.853,68.031
1991,3,16,18,39,42.918,67.585
1991,3,16,20,37,42.989,67.14
1991,3,16,22,34,43.077,66.701
1991,4,6,5,20,42.597,69.655
1991,4,6,7,8,42.657,69.21
1991,4,6,8,47,42.738,68.77
1991,4,6,11,0,42.812,68.327
1991,4,6,12,44,42.886,67.884
1991,4,6,14,32,42.97,67.444
1991,4,6,16,21,43.018,66.994
1991,5,5,0,9,42.564,69.793
1991,5,5,1,49,42.64,69.353
1991,5,5,3,26,42.711,68.91
1991,5,5,5,17,42.783,68.468
1991,5,5,6,59,42.858,68.025
1991,5,5,8,40,42.928,67.58
1991,5,5,10,19,42.991,67.133
1991,5,5,11,55,43.068,66.689
1991,6,1,8,13,42.551,69.843
1991,6,1,9,46,42.611,69.403
1991,6,1,11,22,42.697,68.965
1991,6,1,13,6,42.772,68.523
1991,6,1,14,48,42.852,68.082
1991,6,1,16,30,42.922,67.637
1991,6,1,18,10,42.993,67.192
1991,6,1,20,9,43.071,66.75
1991,7,6,3,44,42.576,69.769
1991,7,6,5,23,42.641,69.328
1991,7,6,7,31,42.718,68.888
1991,7,6,9,31,42.782,68.443
1991,7,6,11,27,42.84,67.996
1991,7,6,13,19,42.902,67.551
1991,7,6,15,2,42.927,67.153
1991,7,6,16,56,43.048,66.74
1991,8,24,4,54,42.626,69.563
1991,8,24,6,53,42.703,69.122
1991,8,24,8,52,42.778,68.68
1991,8,24,10,51,42.852,68.237
1991,8,24,12,50,42.924,67.792
1991,8,24,14,49,42.994,67.347
1991,8,24,16,48,43.062,66.901
1991,9,14,2,36,42.538,69.997
1991,9,14,4,31,42.601,69.552
1991,9,14,6,30,42.672,69.11
1991,9,14,8,22,42.735,68.665
1991,9,14,10,18,42.797,68.219
1991,9,14,12,14,42.863,67.774
1991,9,14,14,14,42.955,67.337
1991,9,14,16,8,43.029,66.895
1991,11,9,3,46,42.543,69.967
1991,11,9,4,41,42.586,69.748
1991,11,9,5,41,42.621,69.527
1991,11,9,6,34,42.654,69.305
1991,11,9,7,40,42.69,69.084
1991,11,9,8,51,42.72,68.861
1991,11,9,9,54,42.76,68.641
1991,11,9,11,1,42.804,68.422
1991,11,9,12,57,42.866,67.975
1991,11,9,14,12,42.908,67.755
1991,11,9,15,15,42.953,67.537
1991,11,9,16,24,43.002,67.322
1991,11,9,17,23,43.019,67.096
1991,11,9,18,21,43.042,66.87
1991,11,9,19,16,43.067,66.644
1991,12,7,4,27,42.588,69.829
1991,12,7,5,23,42.61,69.6
1991,12,7,6,18,42.634,69.372
1991,12,7,7,8,42.666,69.146
1991,12,7,8,13,42.702,68.921
1991,12,7,9,0,42.739,68.695
1991,12,7,9,56,42.779,68.471
1991,12,7,11,52,42.869,68.025
1991,12,7,12,52,42.89,67.796
1991,12,7,13,41,42.952,67.582
1991,12,7,14,32,42.991,67.358
1991,12,7,15,26,43.031,67.134
1991,12,7,16,14,43.064,66.909
1991,12,7,16,53,43.067,66.677
1992,1,18,3,51,42.576,69.905
1992,1,18,5,40,42.648,69.463
1992,1,18,7,25,42.687,69.013
1992,1,18,9,16,42.769,68.574
1992,1,18,11,8,42.848,68.133
1992,1,18,13,5,42.917,67.688
1992,1,18,13,50,42.949,67.464
1992,1,18,14,41,42.972,67.239
1992,1,18,16,21,43.007,66.786
1992,2,8,5,31,42.576,69.802
1992,2,8,8,1,42.657,69.375
1992,2,8,10,27,42.703,68.93
1992,2,8,12,45,42.769,68.486
1992,2,8,15,9,42.849,68.045
1992,2,8,17,58,42.917,67.6
1992,2,8,20,2,42.984,67.154
1992,2,8,21,59,43.052,66.708
1992,3,14,5,49,42.583,69.727
1992,3,14,7,41,42.652,69.284
1992,3,14,9,35,42.724,68.841
1992,3,14,11,15,42.793,68.397
1992,3,14,13,4,42.863,67.952
1992,3,14,14,50,42.923,67.505
1992,3,14,16,40,42.987,67.059
1992,3,14,18,32,43.068,66.617
1992,4,28,1,35,42.587,69.706
1992,4,28,3,21,42.66,69.264
1992,4,28,5,9,42.729,68.82
1992,4,28,6,58,42.794,68.375
1992,4,28,8,53,42.863,67.93
1992,4,28,10,56,42.932,67.485
1992,4,28,13,3,43.001,67.039
1992,5,16,7,24,42.57,69.785
1992,5,16,9,20,42.638,69.341
1992,5,16,11,21,42.724,68.904
1992,5,16,13,13,42.796,68.461
1992,5,16,15,1,42.848,68.013
1992,5,16,16,54,42.919,67.568
1992,5,16,18,43,43.003,67.135
1992,5,16,20,21,43.058,66.741
1992,6,13,3,41,42.544,69.795
1992,6,13,5,35,42.624,69.356
1992,6,13,7,33,42.698,68.914
1992,6,13,9,32,42.777,68.473
1992,6,13,11,24,42.856,68.032
1992,6,13,13,13,42.904,67.582
1992,6,13,15,0,42.967,67.135
1992,6,13,16,44,43.038,66.69
1992,7,25,3,34,42.55,69.807
1992,7,25,5,40,42.63,69.368
1992,7,25,7,32,42.7,68.925
1992,7,25,9,30,42.778,68.483
1992,7,25,11,22,42.847,68.039
1992,7,25,13,16,42.905,67.592
1992,7,25,15,18,42.971,67.146
1992,7,25,17,21,43.04,66.7
1992,8,15,3,36,42.572,69.808
1992,8,15,5,24,42.631,69.363
1992,8,15,7,22,42.695,68.918
1992,8,15,9,18,42.761,68.473
1992,8,15,11,16,42.831,68.029
1992,8,15,13,6,42.913,67.588
1992,8,15,14,56,42.973,67.141
1992,8,15,16,55,43.038,66.694
1992,9,5,3,24,42.569,69.78
1992,9,5,5,13,42.639,69.337
1992,9,5,7,0,42.706,68.893
1992,9,5,8,52,42.785,68.453
1992,9,5,10,46,42.846,68.006
1992,9,5,12,40,42.908,67.559
1992,9,5,14,39,42.977,67.114
1992,9,5,16,41,43.048,66.668
1992,10,10,4,39,42.571,69.808
1992,10,10,6,30,42.636,69.364
1992,10,10,8,20,42.695,68.918
1992,10,10,10,11,42.768,68.475
1992,10,10,12,10,42.866,68.041
1992,10,10,14,9,42.935,67.596
1992,10,10,16,6,42.991,67.147
1992,10,10,17,42,43.038,66.696
1992,11,21,4,18,42.577,69.81
1992,11,21,5,59,42.634,69.364
1992,11,21,7,47,42.701,68.919
1992,11,21,9,36,42.776,68.477
1992,11,21,11,28,42.844,68.033
1992,11,21,13,23,42.919,67.59
1992,11,21,15,15,42.958,67.138
1992,11,21,17,6,43.018,66.69
1992,12,20,4,22,43.398,67.927
1992,12,20,6,3,43.365,67.47
1992,12,20,7,52,43.31,67.018
1993,1,16,4,12,42.562,69.808
1993,1,16,5,51,42.634,69.366
1993,1,16,7,38,42.702,68.922
1993,1,16,9,19,42.764,68.477
1993,1,16,11,1,42.833,68.032
1993,1,16,12,42,42.895,67.585
1993,1,16,14,26,42.957,67.138
1993,1,16,16,5,43.041,66.697
1993,2,20,5,0,42.577,69.771
1993,2,20,6,49,42.656,69.338
1993,2,20,8,39,42.7,68.894
1993,2,20,10,31,42.765,68.45
1993,2,20,12,17,42.858,68.013
1993,2,20,14,4,42.925,67.568
1993,2,20,16,1,42.987,67.121
1993,2,20,17,48,43.036,66.67
1993,3,13,3,51,42.564,69.809
1993,3,13,5,29,42.638,69.367
1993,3,13,7,8,42.706,68.924
1993,3,13,8,45,42.77,68.478
1993,3,13,10,22,42.833,68.032
1993,3,13,11,56,42.896,67.586
1993,3,13,13,31,42.962,67.14
1993,3,13,15,14,43.056,66.703
1993,4,22,13,41,42.99,67.008
1993,4,22,15,12,42.914,67.451
1993,4,22,16,46,42.845,67.896
1993,4,22,18,24,42.781,68.342
1993,4,22,20,4,42.718,68.788
1993,4,22,21,44,42.65,69.231
1993,4,22,23,18,42.584,69.676
1993,5,15,3,1,42.579,69.885
1993,5,15,4,46,42.629,69.438
1993,5,15,6,30,42.697,68.994
1993,5,15,8,14,42.765,68.55
1993,5,15,9,59,42.829,68.104
1993,5,15,11,47,42.904,67.661
1993,5,15,13,37,42.971,67.216
1993,5,15,15,28,43.023,66.765
1993,6,12,3,46,42.596,69.617
1993,6,12,5,28,42.67,69.175
1993,6,12,7,14,42.734,68.73
1993,6,12,14,1,42.935,67.164
1993,6,12,16,4,43.007,66.72
1993,8,28,2,38,42.575,69.801
1993,8,28,4,34,42.649,69.359
1993,8,28,6,30,42.721,68.917
1993,8,28,8,26,42.791,68.473
1993,8,28,10,22,42.86,68.028
1993,8,28,12,17,42.928,67.583
1993,8,28,14,13,42.993,67.136
1993,8,28,16,9,43.056,66.688
1993,9,24,23,36,42.59,69.788
1993,9,25,1,10,42.647,69.342
1993,9,25,2,48,42.703,68.895
1993,9,25,4,21,42.77,68.45
1993,9,25,6,0,42.837,68.005
1993,9,25,7,41,42.904,67.56
1993,9,25,9,25,42.994,67.124
1993,9,25,10,57,43.055,66.675
1993,11,7,3,24,43.072,66.707
1993,11,7,4,39,43.029,67.16
1993,11,7,6,35,42.995,67.613
1993,11,7,8,15,42.92,68.055
1993,11,7,9,41,42.827,68.492
1993,11,7,11,9,42.733,68.927
1993,11,7,12,40,42.704,69.379
1993,11,7,14,12,42.659,69.829
1993,12,6,7,52,43.126,66.915
1993,12,6,9,31,43.026,67.35
1993,12,6,11,22,42.902,67.773
1993,12,6,12,56,42.817,68.213
1993,12,6,14,49,42.768,68.662
1993,12,6,16,32,42.74,69.114
1993,12,6,18,5,42.688,69.562
1994,1,5,5,11,43.105,66.95
1994,1,5,7,18,43.041,67.398
1994,1,5,10,5,42.956,67.838
1994,1,5,12,23,42.86,68.273
1994,1,5,14,22,42.798,68.719
1994,1,5,16,13,42.754,69.169
1994,1,5,17,56,42.705,69.618
1994,3,1,4,30,43.11,66.713
1994,3,1,6,56,43.001,67.144
1994,3,1,9,16,42.896,67.573
1994,3,1,11,27,42.858,68.025
1994,3,1,13,23,42.809,68.475
1994,3,1,15,10,42.76,68.924
1994,3,1,16,47,42.718,69.374
1994,3,1,18,18,42.68,69.825
1994,3,28,19,35,43.034,67.01
1994,3,28,21,15,42.969,67.457
1994,3,28,22,56,42.915,67.906
1994,3,29,0,38,42.861,68.355
1994,3,29,2,20,42.802,68.802
1994,3,29,4,1,42.744,69.249
1994,3,29,5,42,42.684,69.696
1994,5,8,15,1,43.082,66.874
1994,5,8,16,32,43.013,67.32
1994,5,8,18,6,42.946,67.767
1994,5,8,19,45,42.881,68.213
1994,5,8,21,29,42.818,68.659
1994,5,8,23,9,42.752,69.105
1994,5,9,0,46,42.685,69.549
1994,5,9,2,14,42.606,69.989
1994,7,2,23,56,43.081,66.989
1994,7,3,1,34,42.99,67.427
1994,7,3,3,15,42.924,67.873
1994,7,3,4,58,42.868,68.322
1994,7,3,6,31,42.822,68.772
1994,7,3,8,5,42.762,69.219
1994,7,3,9,41,42.693,69.663
1994,7,30,21,27,43.171,66.73
1994,7,30,23,5,43.096,67.175
1994,7,31,0,44,43.01,67.616
1994,7,31,2,22,42.919,68.054
1994,7,31,3,58,42.83,68.492
1994,7,31,5,33,42.77,68.939
1994,7,31,7,5,42.726,69.389
1994,7,31,8,36,42.679,69.838
1994,8,27,18,49,43.128,66.663
1994,8,27,20,38,43.069,67.111
1994,8,27,22,28,42.983,67.552
1994,8,28,0,17,42.909,67.996
1994,8,28,2,7,42.868,68.447
1994,8,28,3,36,42.784,68.887
1994,8,28,5,21,42.724,69.333
1994,8,28,7,22,42.667,69.779
1994,9,24,19,15,43.117,66.8
1994,9,24,20,53,43.059,67.25
1994,9,24,22,31,42.999,67.698
1994,9,25,0,8,42.938,68.146
1994,9,25,1,46,42.875,68.593
1994,9,25,3,24,42.81,69.039
1994,9,25,5,2,42.743,69.484
1994,9,25,6,39,42.675,69.927
1994,11,21,0,2,43.098,66.823
1994,11,21,1,38,43.043,67.272
1994,11,21,3,10,42.97,67.717
1994,11,21,4,37,42.89,68.159
1994,11,21,6,10,42.837,68.608
1994,11,21,7,41,42.784,69.056
1994,11,21,9,11,42.724,69.503
1994,11,21,10,39,42.665,69.949
1994,12,18,23,41,43.132,66.699
1994,12,19,1,7,43.07,67.147
1994,12,19,2,34,42.996,67.592
1994,12,19,4,4,42.917,68.034
1994,12,19,5,39,42.83,68.474
1994,12,19,7,18,42.765,68.919
1994,12,19,9,1,42.719,69.368
1994,12,19,10,43,42.681,69.819
1995,1,16,5,30,43.078,66.808
1995,1,16,7,20,43.018,67.256
1995,1,16,8,54,42.979,67.709
1995,1,16,10,37,42.938,68.161
1995,1,16,12,26,42.871,68.606
1995,1,16,14,15,42.794,69.048
1995,1,16,15,56,42.722,69.492
1995,1,16,17,33,42.654,69.935
1995,2,14,0,57,43.1,66.84
1995,2,14,2,38,43.026,67.285
1995,2,14,4,17,42.961,67.732
1995,2,14,6,6,42.904,68.18
1995,2,14,7,52,42.849,68.629
1995,2,14,9,29,42.798,69.078
1995,2,14,11,11,42.75,69.527
1995,2,14,12,43,42.683,69.972
1995,3,13,20,54,43.092,66.855
1995,3,13,22,25,43.023,67.301
1995,3,13,23,56,42.969,67.751
1995,3,14,1,29,42.907,68.198
1995,3,14,2,59,42.845,68.645
1995,3,14,4,28,42.784,69.092
1995,3,14,5,57,42.721,69.538
1995,3,14,7,28,42.656,69.983
1995,4,11,1,59,43.079,66.815
1995,4,11,3,31,43.026,67.265
1995,4,11,5,0,42.976,67.716
1995,4,11,6,28,42.924,68.166
1995,4,11,7,54,42.863,68.613
1995,4,11,9,20,42.793,69.057
1995,4,11,10,46,42.731,69.503
1995,4,11,12,10,42.667,69.949
1995,5,6,20,17,43.032,67.022
1995,5,6,21,55,42.934,67.458
1995,5,6,23,31,42.875,67.906
1995,5,7,1,6,42.8,68.349
1995,5,7,2,52,42.731,68.792
1995,5,7,4,45,42.667,69.237
1995,5,7,6,31,42.593,69.679
1995,6,3,18,4,43.049,66.903
1995,6,3,19,48,42.968,67.345
1995,6,3,21,26,42.901,67.791
1995,6,3,23,3,42.836,68.237
1995,6,4,0,40,42.77,68.683
1995,6,4,2,17,42.702,69.127
1995,6,4,4,0,42.62,69.566
1995,7,2,9,18,43.033,66.817
1995,7,2,10,50,42.983,67.267
1995,7,2,12,21,42.946,67.72
1995,7,2,13,53,42.9,68.171
1995,7,2,15,26,42.84,68.618
1995,7,2,16,55,42.749,69.055
1995,7,2,18,17,42.697,69.503
1995,7,2,19,52,42.648,69.951
1995,7,29,19,6,42.988,66.931
1995,7,29,20,43,42.923,67.377
1995,7,29,22,22,42.875,67.827
1995,7,30,0,6,42.817,68.275
1995,7,30,1,52,42.742,68.717
1995,7,30,3,33,42.664,69.158
1995,7,30,5,10,42.583,69.598
1995,8,27,2,7,43.126,66.603
1995,8,27,3,36,42.999,67.025
1995,8,27,5,1,42.931,67.471
1995,8,27,6,33,42.869,67.918
1995,8,27,7,17,42.839,68.142
1995,9,24,19,3,43.034,66.969
1995,9,24,20,46,42.963,67.414
1995,9,24,22,26,42.874,67.853
1995,9,25,0,6,42.8,68.296
1995,9,25,1,40,42.729,68.74
1995,9,25,3,24,42.669,69.186
1995,9,25,5,1,42.596,69.628
1995,10,22,2,8,43.037,66.84
1995,10,22,3,47,42.963,67.284
1995,10,22,5,25,42.902,67.732
1995,10,22,7,6,42.835,68.177
1995,10,22,8,50,42.76,68.62
1995,10,22,10,32,42.685,69.062
1995,10,22,12,10,42.616,69.505
1995,10,22,13,46,42.542,69.947
1995,11,18,22,20,43.029,67.006
1995,11,18,23,49,42.941,67.446
1995,11,19,1,17,42.854,67.885
1995,11,19,2,55,42.784,68.329
1995,11,19,4,24,42.711,68.772
1995,11,19,5,46,42.637,69.214
1995,11,19,7,11,42.575,69.659
1995,12,18,21,55,43.111,66.786
1995,12,18,23,57,43.017,67.223
1995,12,19,1,55,42.907,67.653
1995,12,19,3,47,42.818,68.09
1995,12,19,5,30,42.754,68.536
1995,12,19,7,10,42.692,68.981
1995,12,19,8,39,42.638,69.429
1995,12,19,10,10,42.566,69.871
1996,1,14,3,25,43.052,67.047
1996,1,14,5,19,42.971,67.488
1996,1,14,7,6,42.886,67.928
1996,1,14,8,46,42.807,68.37
1996,1,14,10,17,42.729,68.811
1996,1,14,11,47,42.663,69.256
1996,1,14,13,17,42.589,69.698
1996,2,11,23,22,43.102,66.702
1996,2,12,1,8,43.025,67.146
1996,2,12,2,56,42.949,67.59
1996,2,12,4,38,42.885,68.036
1996,2,12,6,17,42.809,68.478
1996,2,12,7,53,42.729,68.919
1996,2,12,9,29,42.649,69.36
1996,2,12,11,10,42.567,69.799
1996,3,11,23,24,43.131,66.627
1996,3,12,0,56,43.074,67.077
1996,3,12,2,26,42.971,67.511
1996,3,12,3,57,42.889,67.951
1996,3,12,5,28,42.817,68.395
1996,3,12,6,56,42.738,68.836
1996,3,12,8,22,42.661,69.278
1996,3,12,9,51,42.584,69.718
1996,4,7,1,17,43.154,66.688
1996,4,7,2,43,43.067,67.129
1996,4,7,4,12,42.977,67.568
1996,4,7,5,40,42.902,68.012
1996,4,7,7,11,42.822,68.453
1996,4,7,8,42,42.742,68.894
1996,4,7,10,12,42.663,69.335
1996,4,7,11,40,42.586,69.775
1996,5,19,7,39,43.026,66.882
1996,5,19,9,9,42.954,67.326
1996,5,19,10,36,42.886,67.772
1996,5,19,12,0,42.82,68.218
1996,5,19,13,24,42.749,68.662
1996,5,19,14,50,42.668,69.102
1996,5,19,16,15,42.603,69.546
1996,5,19,17,43,42.533,69.988
1996,6,16,0,48,43.084,66.622
1996,6,16,2,18,43.015,67.068
1996,6,16,3,53,42.935,67.51
1996,6,16,5,29,42.851,67.951
1996,6,16,7,2,42.778,68.394
1996,6,16,8,28,42.717,68.841
1996,6,16,9,55,42.647,69.284
1996,6,16,11,32,42.578,69.727
1996,7,16,21,50,43.052,66.793
1996,7,16,23,20,42.982,67.239
1996,7,17,0,49,42.906,67.682
1996,7,17,2,28,42.838,68.127
1996,7,17,4,4,42.764,68.57
1996,7,17,5,41,42.691,69.013
1996,7,17,7,18,42.621,69.456
1996,7,17,8,49,42.548,69.897
1996,9,7,22,12,43.048,66.899
1996,9,8,1,0,42.97,67.342
1996,9,8,3,2,42.896,67.786
1996,9,8,4,28,42.83,68.231
1996,9,8,5,56,42.757,68.675
1996,9,8,7,20,42.696,69.121
1996,9,8,8,48,42.618,69.561
1996,9,8,10,17,42.527,69.996
1996,10,6,0,20,43.043,66.896
1996,10,6,1,46,42.975,67.343
1996,10,6,3,12,42.905,67.788
1996,10,6,4,38,42.833,68.232
1996,10,6,6,5,42.76,68.675
1996,10,6,7,31,42.685,69.117
1996,10,6,8,57,42.609,69.558
1996,10,6,10,23,42.53,69.998
1996,11,4,11,3,43.022,66.89
1996,11,4,12,45,42.947,67.334
1996,11,4,14,15,42.874,67.778
1996,11,4,15,37,42.802,68.222
1996,11,4,17,6,42.731,68.666
1996,11,4,18,38,42.663,69.11
1996,11,4,20,6,42.595,69.553
1996,11,4,21,21,42.528,69.997
1996,12,1,1,46,43.007,67.012
1996,12,1,3,12,42.937,67.458
1996,12,1,4,43,42.868,67.903
1996,12,1,6,16,42.798,68.348
1996,12,1,7,51,42.726,68.791
1996,12,1,9,27,42.653,69.233
1996,12,1,11,0,42.583,69.676
1997,2,24,3,57,43.078,66.695
1997,2,24,5,29,43.013,67.142
1997,2,24,7,1,42.945,67.588
1997,2,24,8,33,42.876,68.033
1997,2,24,10,5,42.805,68.478
1997,2,24,11,37,42.733,68.921
1997,2,24,13,9,42.658,69.363
1997,2,24,14,41,42.582,69.804
1997,4,20,5,30,43.03,66.813
1997,4,20,7,4,42.963,67.259
1997,4,20,8,39,42.892,67.704
1997,4,20,10,9,42.822,68.149
1997,4,20,10,55,42.789,68.371
1997,5,18,10,27,43.038,66.857
1997,5,18,12,1,42.954,67.298
1997,5,18,13,34,42.877,67.741
1997,5,18,15,9,42.809,68.186
1997,5,18,16,45,42.738,68.629
1997,5,18,18,20,42.666,69.072
1997,5,18,19,55,42.6,69.516
1997,5,18,21,25,42.535,69.96
1997,7,13,4,2,43.049,66.722
1997,7,13,4,44,43.019,66.947
1997,8,10,5,10,43.072,66.836
1997,8,10,6,40,43.006,67.283
1997,8,10,8,10,42.939,67.73
1997,8,10,9,40,42.87,68.175
1997,8,10,11,10,42.799,68.619
1997,8,10,12,40,42.726,69.062
1997,8,10,14,10,42.652,69.504
1997,8,10,15,39,42.576,69.945
1997,9,7,3,4,43.052,66.912
1997,9,7,4,41,42.99,67.36
1997,9,7,6,16,42.922,67.805
1997,9,7,7,49,42.842,68.247
1997,9,7,9,20,42.757,68.686
1997,9,7,10,48,42.682,69.128
1997,9,7,12,18,42.603,69.569
1997,11,2,0,25,43.094,66.663
1997,11,2,2,0,43.028,67.11
1997,11,2,3,34,42.96,67.556
1997,11,2,5,9,42.89,68.001
1997,11,2,6,44,42.818,68.446
1997,11,2,8,18,42.745,68.889
1997,11,2,9,53,42.67,69.331
1997,11,2,11,28,42.594,69.772
1997,11,30,0,21,43.05,66.926
1997,11,30,2,1,42.983,67.372
1997,11,30,3,42,42.913,67.817
1997,11,30,5,22,42.842,68.262
1997,11,30,7,2,42.77,68.705
1997,11,30,8,43,42.695,69.148
1997,11,30,10,23,42.619,69.589
1998,2,22,0,33,43.012,67.029
1998,2,22,2,3,42.939,67.473
1998,2,22,3,31,42.867,67.918
1998,2,22,4,58,42.792,68.361
1998,2,22,6,30,42.721,68.804
1998,2,22,8,9,42.655,69.249
1998,2,22,9,36,42.58,69.69
1998,4,18,20,26,43.048,66.845
1998,4,18,22,1,42.961,67.285
1998,4,18,23,37,42.886,67.729
1998,4,19,1,16,42.825,68.176
1998,4,19,2,57,42.755,68.62
1998,4,19,4,39,42.688,69.064
1998,4,19,6,21,42.612,69.505
1998,4,19,7,56,42.535,69.946
1998,5,16,20,31,43.032,66.843
1998,5,16,22,0,42.955,67.286
1998,7,12,0,5,42.988,67.039
1998,7,12,1,52,42.915,67.483
1998,7,12,3,37,42.843,67.927
1998,7,12,5,19,42.775,68.372
1998,7,12,7,2,42.705,68.816
1998,7,12,8,44,42.632,69.258
1998,7,12,10,47,42.568,69.702
1998,8,8,23,25,43.065,66.621
1998,8,9,0,46,43.003,67.069
1998,8,9,2,32,42.928,67.513
1998,8,9,9,34,42.847,67.954
1998,8,9,13,7,42.81,68.403
1998,8,9,14,42,42.763,68.85
1998,8,9,16,6,42.678,69.289
1998,8,9,17,38,42.595,69.728
1998,9,5,22,5,43.037,66.82
1998,9,5,23,38,42.97,67.267
1998,9,6,1,10,42.902,67.713
1998,9,6,2,43,42.829,68.156
1998,9,6,4,18,42.749,68.597
1998,9,6,5,50,42.68,69.041
1998,9,6,7,21,42.615,69.485
1998,9,6,8,53,42.547,69.928
1998,10,4,5,44,43.036,66.887
1998,10,4,7,14,42.973,67.334
1998,10,4,8,41,42.911,67.781
1998,10,4,10,9,42.835,68.224
1998,10,4,11,38,42.758,68.666
1998,10,4,13,7,42.69,69.11
1998,10,4,14,40,42.609,69.55
1998,10,4,16,18,42.528,69.989
1998,10,31,22,53,43.043,66.763
1998,11,1,0,19,42.932,67.192
1998,11,1,1,48,42.83,67.625
1998,11,29,12,55,43.013,66.913
1998,11,29,14,32,42.933,67.355
1998,11,29,16,4,42.861,67.799
1998,11,29,17,32,42.804,68.247
1998,11,29,19,0,42.747,68.694
1998,11,29,20,29,42.679,69.138
1998,11,29,21,54,42.597,69.578
1998,12,26,22,26,43.056,66.834
1998,12,26,23,38,42.999,67.283
1999,1,26,21,36,43.047,66.853
1999,1,26,23,14,42.966,67.345
1999,1,27,0,53,42.88,67.834
1999,1,27,2,32,42.791,68.322
1999,1,27,4,12,42.7,68.809
1999,1,27,6,1,42.605,69.294
1999,1,27,7,37,42.525,69.782
1999,2,21,22,0,43.034,66.744
1999,2,21,23,38,42.966,67.19
1999,2,22,1,12,42.906,67.637
1999,2,22,2,46,42.84,68.083
1999,2,22,4,17,42.765,68.526
1999,2,22,5,49,42.687,68.967
1999,2,22,7,19,42.602,69.405
1999,2,22,8,50,42.521,69.844
1999,3,21,6,5,43.015,66.936
1999,3,21,7,35,42.907,67.368
1999,3,21,9,4,42.815,67.804
1999,3,21,10,33,42.737,68.245
1999,3,21,12,5,42.676,68.691
1999,3,21,13,33,42.624,69.139
1999,3,21,14,59,42.572,69.586
1999,4,18,2,26,43.111,66.85
1999,4,18,3,57,43.029,67.292
1999,4,18,5,25,42.933,67.728
1999,4,18,6,54,42.839,68.165
1999,4,18,8,23,42.749,68.602
1999,4,18,9,51,42.669,69.042
1999,4,18,11,31,42.6,69.485
1999,4,18,13,13,42.535,69.929
1999,7,10,21,2,43.076,66.609
1999,7,10,22,19,42.999,67.053
1999,7,10,23,43,42.932,67.499
1999,7,11,1,8,42.863,67.945
1999,7,11,2,30,42.791,68.388
1999,7,11,3,53,42.716,68.831
1999,7,11,5,20,42.647,69.274
1999,7,11,6,48,42.578,69.717
1999,8,7,22,26,43.067,66.686
1999,8,7,23,54,42.991,67.131
1999,8,8,1,23,42.911,67.573
1999,8,8,2,56,42.849,68.02
1999,8,8,4,27,42.781,68.465
1999,8,8,5,56,42.712,68.909
1999,10,3,0,25,43.079,66.815
1999,10,3,1,42,43.009,67.261
1999,10,3,2,59,42.939,67.707
1999,10,3,4,15,42.863,68.15
1999,10,3,5,31,42.788,68.592
1999,10,3,6,45,42.719,69.037
1999,10,3,8,6,42.656,69.482
1999,10,3,9,29,42.587,69.924
1999,10,31,2,40,43.017,66.991
1999,10,31,3,59,42.939,67.434
1999,10,31,5,19,42.858,67.875
1999,10,31,6,33,42.787,68.32
1999,10,31,7,54,42.713,68.762
1999,10,31,9,17,42.637,69.204
1999,10,31,10,34,42.57,69.647
1999,11,30,22,17,43.117,66.694
1999,11,30,23,29,43.015,67.128
1999,12,1,0,42,42.921,67.565
1999,12,1,1,54,42.833,68.004
1999,12,1,3,10,42.76,68.447
1999,12,1,6,13,42.59,69.556
1999,12,1,7,27,42.523,70
1999,12,28,8,38,43.042,66.819
1999,12,28,10,5,42.962,67.261
1999,12,28,11,26,42.888,67.705
1999,12,28,12,45,42.817,68.149
2000,1,24,1,0,43.082,66.934
2000,1,24,2,17,43.008,67.379
2000,1,24,3,29,42.925,67.82
2000,1,24,4,45,42.837,68.259
2000,1,24,6,5,42.742,68.694
2000,1,24,7,24,42.66,69.133
2000,1,24,8,43,42.586,69.575
2000,2,23,23,6,43.159,66.946
2000,2,24,0,52,43.078,67.389
2000,2,24,2,37,42.997,67.831
2000,2,24,4,23,42.913,68.272
2000,2,24,6,8,42.828,68.712
2000,2,24,7,54,42.741,69.15
2000,2,24,9,39,42.653,69.588
2000,3,20,21,40,43.093,66.909
2000,3,20,23,1,43.007,67.35
2000,3,21,0,24,42.913,67.787
2000,3,21,1,47,42.833,68.228
2000,3,21,3,11,42.754,68.669
2000,3,21,4,35,42.671,69.109
2000,3,21,6,5,42.585,69.545
2000,3,21,9,27,42.56,69.972
2000,4,15,22,40,43.103,66.914
2000,4,16,0,3,43.03,67.359
2000,4,16,1,25,42.956,67.803
2000,4,16,2,55,42.858,68.238
2000,4,16,4,20,42.781,68.68
2000,4,16,5,39,42.674,69.109
2000,4,16,6,59,42.58,69.542
2000,4,16,8,20,42.519,69.987
2000,5,16,21,30,43.134,66.766
2000,5,16,22,40,43.051,67.208
2000,5,16,23,50,42.97,67.65
2000,5,17,1,0,42.888,68.091
2000,5,17,2,11,42.812,68.534
2000,5,17,3,25,42.735,68.976
2000,5,17,4,44,42.657,69.417
2000,5,17,6,1,42.573,69.855
2000,6,12,20,34,43.152,66.749
2000,6,12,21,56,43.08,67.195
2000,6,12,23,20,42.989,67.634
2000,6,13,0,43,42.898,68.072
2000,6,13,2,5,42.808,68.51
2000,6,13,3,24,42.721,68.948
2000,6,13,4,43,42.636,69.386
2000,6,13,6,1,42.553,69.825
2000,7,8,8,21,43.105,66.917
2000,7,8,9,42,43.011,67.355
2000,7,8,11,3,42.93,67.796
2000,7,8,16,36,42.632,69.567
2000,7,8,17,19,42.593,69.787
2000,8,5,1,8,43.085,66.955
2000,8,5,2,23,43.004,67.398
2000,8,5,3,39,42.921,67.839
2000,8,5,4,50,42.816,68.27
2000,8,5,6,0,42.701,68.696
2000,8,5,7,17,42.649,69.144
2000,8,5,8,34,42.596,69.591
2000,9,3,0,2,43.098,66.993
2000,9,3,1,24,43.02,67.436
2000,9,3,2,46,42.943,67.879
2000,9,3,4,9,42.867,68.322
2000,9,3,5,31,42.773,68.755
2000,9,3,6,46,42.641,69.166
2000,9,3,7,59,42.543,69.599
2000,10,15,0,44,43.014,67.035
2000,10,15,2,6,42.955,67.484
2000,10,15,3,33,42.875,67.926
2000,10,15,4,59,42.798,68.368
2000,10,15,6,24,42.726,68.811
2000,10,15,7,49,42.654,69.254
2000,10,15,9,15,42.579,69.695
2000,11,11,23,50,43.068,66.876
2000,11,12,1,12,42.989,67.319
2000,11,12,2,33,42.907,67.761
2000,11,12,3,55,42.826,68.202
2000,11,12,5,17,42.747,68.643
2000,11,12,6,40,42.666,69.083
2000,11,12,8,4,42.604,69.528
2000,11,12,9,30,42.542,69.973
2000,12,9,23,16,43.102,66.852
2000,12,10,0,39,43.029,67.297
2000,12,10,2,3,42.954,67.742
2000,12,10,3,26,42.877,68.184
2000,12,10,4,50,42.798,68.626
2000,12,10,6,13,42.718,69.067
2000,12,10,7,37,42.636,69.506
2000,12,10,9,0,42.553,69.945
2001,2,3,21,17,43.071,66.613
2001,2,3,22,51,42.995,67.057
2001,2,4,0,29,42.922,67.501
2001,2,4,2,21,42.856,67.947
2001,2,4,4,29,42.785,68.391
2001,2,4,6,25,42.709,68.833
2001,2,4,7,56,42.636,69.275
2001,2,4,9,29,42.562,69.717
2001,3,4,3,11,43.077,66.601
2001,3,4,4,37,43,67.045
2001,3,4,6,3,42.923,67.488
2001,3,4,7,26,42.852,67.933
2001,3,4,8,51,42.776,68.375
2001,3,4,10,15,42.705,68.818
2001,3,4,11,39,42.637,69.262
2001,3,4,13,6,42.565,69.704
2001,4,1,1,33,43.022,66.917
2001,4,1,2,56,42.947,67.361
2001,4,1,4,21,42.878,67.806
2001,4,1,5,42,42.805,68.25
2001,4,1,6,58,42.728,68.692
2001,4,1,8,16,42.656,69.134
2001,4,1,9,38,42.584,69.576
2001,7,21,19,43,43.082,66.619
2001,7,21,21,24,43.017,67.066
2001,7,21,23,5,42.951,67.513
2001,7,22,0,47,42.883,67.958
2001,7,22,2,28,42.813,68.403
2001,7,22,4,9,42.742,68.846
2001,7,22,5,50,42.668,69.289
2001,7,22,7,32,42.593,69.73
2001,8,18,21,11,43.065,66.636
2001,8,18,22,44,42.998,67.082
2001,8,19,0,19,42.922,67.526
2001,8,19,1,52,42.853,67.971
2001,8,19,3,23,42.784,68.415
2001,8,19,4,54,42.713,68.859
2001,8,19,6,24,42.641,69.302
2001,8,19,8,1,42.56,69.741
2001,9,15,23,2,43.008,67.032
2001,9,16,0,7,42.931,67.475
2001,9,16,1,34,42.852,67.917
2001,9,16,3,15,42.776,68.359
2001,9,16,4,46,42.705,68.803
2001,9,16,6,8,42.636,69.246
2001,9,16,7,30,42.567,69.689
2001,10,13,20,38,43.066,66.847
2001,10,13,22,18,42.998,67.293
2001,10,13,23,57,42.928,67.739
2001,10,14,1,36,42.856,68.183
2001,10,14,3,16,42.783,68.627
2001,10,14,4,55,42.708,69.069
2001,10,14,6,35,42.632,69.51
2001,10,14,8,14,42.553,69.95
2001,11,11,0,14,43.018,66.868
2001,11,11,1,34,42.939,67.311
2001,11,11,2,55,42.864,67.754
2001,11,11,4,16,42.794,68.199
2001,11,11,5,39,42.738,68.646
2001,11,11,7,1,42.666,69.089
2001,11,11,8,23,42.592,69.531
2001,11,11,9,44,42.523,69.973
2001,12,12,21,35,43.02,67.017
2001,12,12,22,58,42.942,67.46
2001,12,13,0,21,42.866,67.903
2001,12,13,1,46,42.791,68.346
2001,12,13,3,10,42.707,68.785
2001,12,13,4,36,42.639,69.229
2001,12,13,6,2,42.576,69.673
2002,1,6,0,26,42.985,67.034
2002,1,6,1,50,42.923,67.481
2002,1,6,3,13,42.852,67.926
2002,1,6,4,36,42.777,68.368
2002,1,6,5,57,42.702,68.811
2002,1,6,7,20,42.629,69.253
2002,1,6,8,43,42.559,69.695
2002,2,3,5,57,42.623,68.05
2002,2,3,7,29,42.592,68.501
2002,2,3,9,1,42.559,68.952
2002,2,3,10,33,42.524,69.402
2002,2,3,12,6,42.488,69.851
2002,3,4,5,1,42.971,67.38
2002,3,4,6,36,42.903,67.826
2002,3,4,8,10,42.833,68.271
2002,3,4,9,45,42.762,68.715
2002,3,4,11,20,42.688,69.157
2002,3,4,12,54,42.613,69.599
2002,3,31,7,48,43.017,66.858
2002,3,31,9,18,42.948,67.303
2002,3,31,10,46,42.882,67.749
2002,3,31,12,9,42.813,68.194
2002,3,31,13,34,42.741,68.638
2002,3,31,15,0,42.667,69.08
2002,3,31,16,26,42.59,69.52
2002,3,31,17,49,42.511,69.96
2002,4,27,22,18,43.072,66.616
2002,4,27,23,42,43.011,67.064
2002,4,28,0,55,42.942,67.51
2002,4,28,1,59,42.859,67.951
2002,4,28,3,16,42.777,68.391
2002,4,28,4,40,42.703,68.834
2002,4,28,6,3,42.634,69.277
2002,4,28,7,32,42.587,69.725
2002,5,25,22,40,43.037,66.8
2002,5,26,0,3,42.966,67.245
2002,5,26,1,20,42.889,67.688
2002,5,26,2,40,42.817,68.132
2002,5,26,4,0,42.741,68.574
2002,5,26,5,19,42.66,69.014
2002,5,26,6,41,42.596,69.458
2002,5,26,8,3,42.535,69.903
2002,8,17,22,22,43.035,66.822
2002,8,17,23,47,42.961,67.267
2002,8,18,1,14,42.885,67.71
2002,8,18,2,42,42.812,68.154
2002,8,18,4,10,42.741,68.597
2002,8,18,5,37,42.671,69.041
2002,8,18,7,2,42.602,69.484
2002,8,18,8,24,42.538,69.928
2002,10,13,21,49,43.059,66.818
2002,10,13,23,11,42.982,67.262
2002,10,14,0,35,42.901,67.704
2002,10,14,2,1,42.816,68.143
2002,10,14,3,25,42.745,68.587
2002,10,14,4,50,42.678,69.031
2002,10,14,6,16,42.609,69.475
2002,10,14,7,44,42.531,69.914
2002,11,10,0,50,43.011,66.978
2002,11,10,2,18,42.941,67.423
2002,11,10,3,48,42.868,67.867
2002,11,10,5,18,42.793,68.31
2002,11,10,6,46,42.719,68.753
2002,11,10,8,15,42.645,69.195
2002,11,10,9,41,42.574,69.637
2002,12,9,5,11,42.973,67.043
2002,12,9,7,20,42.89,67.484
2002,12,9,9,40,42.798,67.92
2002,12,9,11,42,42.738,68.367
2002,12,9,13,22,42.696,68.817
2002,12,9,14,49,42.633,69.262
2002,12,9,16,15,42.566,69.706
2003,1,12,6,19,43.058,66.651
2003,1,12,8,0,42.988,67.096
2003,1,12,9,41,42.924,67.543
2003,1,12,11,20,42.859,67.989
2003,1,12,12,55,42.775,68.429
2003,1,12,14,30,42.697,68.87
2003,1,12,16,3,42.63,69.314
2003,1,12,17,34,42.558,69.756
2003,2,10,22,7,43.033,66.886
2003,2,10,23,30,42.964,67.332
2003,2,11,0,48,42.895,67.777
2003,2,11,2,7,42.825,68.222
2003,2,11,3,27,42.753,68.665
2003,2,11,4,47,42.68,69.108
2003,2,11,6,18,42.605,69.549
2003,2,11,7,51,42.527,69.99
2003,3,11,1,32,43.006,67.044
2003,3,11,3,10,42.94,67.49
2003,3,11,4,48,42.869,67.935
2003,3,11,6,18,42.804,68.381
2003,3,11,7,45,42.735,68.825
2003,3,11,9,11,42.66,69.267
2003,3,11,10,35,42.581,69.707
2003,4,6,22,22,43.064,66.602
2003,4,7,0,12,42.994,67.048
2003,4,7,1,50,42.933,67.496
2003,4,7,3,20,42.869,67.942
2003,4,7,4,45,42.798,68.386
2003,4,7,6,11,42.721,68.828
2003,5,4,3,48,43.016,67.036
2003,5,4,5,6,42.95,67.483
2003,5,4,6,29,42.881,67.928
2003,5,4,8,6,42.806,68.371
2003,5,4,9,31,42.726,68.812
2003,5,4,10,55,42.651,69.254
2003,5,4,12,18,42.578,69.696
2003,6,1,1,38,43.034,66.995
2003,6,1,2,57,42.967,67.441
2003,6,1,4,16,42.899,67.887
2003,6,1,5,35,42.828,68.331
2003,6,1,6,54,42.757,68.775
2003,6,1,8,13,42.683,69.218
2003,6,1,9,33,42.608,69.659
2003,6,29,0,26,42.995,67.016
2003,6,29,1,49,42.927,67.461
2003,6,29,3,10,42.871,67.91
2003,6,29,4,36,42.796,68.353
2003,6,29,6,3,42.722,68.796
2003,6,29,7,30,42.65,69.238
2003,6,29,8,51,42.58,69.681
2003,7,26,23,52,43.019,66.896
2003,7,27,1,16,42.956,67.344
2003,7,27,2,42,42.868,67.783
2003,7,27,4,8,42.797,68.226
2003,7,27,5,35,42.735,68.672
2003,7,27,7,1,42.671,69.117
2003,7,27,8,25,42.603,69.561
2003,8,24,0,48,43.01,67.04
2003,8,24,1,58,42.935,67.484
2003,8,24,3,8,42.86,67.927
2003,8,24,4,40,42.787,68.37
2003,8,24,6,0,42.728,68.817
2003,8,24,7,18,42.67,69.264
2003,8,24,8,37,42.603,69.707
2003,9,20,23,23,43.042,67.049
2003,9,21,0,41,42.972,67.494
2003,11,16,9,47,43.031,66.975
2003,11,16,11,22,42.941,67.414
2003,11,16,12,54,42.866,67.857
2003,11,16,14,22,42.798,68.302
2003,11,16,15,46,42.733,68.747
2003,11,16,17,11,42.666,69.192
2003,11,16,18,33,42.593,69.633
2003,12,14,11,9,43.061,66.723
2003,12,14,12,34,42.985,67.167
2003,12,14,13,52,42.904,67.609
2003,12,14,15,15,42.842,68.056
2003,12,14,16,42,42.777,68.501
2003,12,14,18,15,42.709,68.946
2003,12,14,19,48,42.635,69.388
2003,12,14,21,21,42.559,69.829
2004,1,21,7,59,43.041,66.872
2004,1,21,9,39,42.973,67.318
2004,1,21,11,15,42.897,67.761
2004,1,21,12,51,42.808,68.199
2004,1,21,14,10,42.722,68.638
2004,2,15,6,55,43.012,67.036
2004,2,15,8,17,42.937,67.48
2004,2,15,9,37,42.861,67.923
2004,2,15,10,57,42.78,68.364
2004,4,11,3,47,43.051,66.818
2004,4,11,5,12,42.98,67.264
2004,4,11,6,37,42.906,67.708
2004,4,11,8,2,42.831,68.151
2004,4,11,9,27,42.748,68.591
2004,4,11,10,53,42.68,69.034
2004,4,11,12,18,42.618,69.48
2004,4,11,13,41,42.544,69.921
2004,5,8,20,14,43.042,66.804
2004,5,8,21,47,42.977,67.251
2004,5,8,23,20,42.92,67.699
2004,5,9,0,54,42.857,68.146
2004,5,9,2,27,42.776,68.587
2004,5,9,3,58,42.7,68.942
2004,5,9,5,37,42.641,69.313
2004,5,9,7,10,42.566,69.754
2004,6,5,23,0,43.046,66.856
2004,6,6,0,23,42.969,67.299
2004,6,6,1,47,42.896,67.743
2004,6,6,3,11,42.826,68.188
2004,6,6,4,36,42.749,68.63
2004,6,6,6,1,42.679,69.073
2004,6,6,7,25,42.612,69.517
2004,6,6,8,46,42.532,69.956
2004,7,2,17,14,43.051,66.792
2004,7,2,19,26,42.976,67.236
2004,7,2,23,27,42.906,67.681
2004,7,3,1,8,42.837,68.126
2004,7,3,2,42,42.768,68.571
2004,7,3,4,17,42.699,69.015
2004,7,3,5,55,42.625,69.457
2004,7,3,7,32,42.549,69.898
2004,7,31,23,22,43.056,66.625
2004,8,1,0,54,42.999,67.074
2004,8,1,2,26,42.925,67.518
2004,8,1,4,12,42.88,67.969
2004,8,1,5,54,42.811,68.413
2004,8,1,7,30,42.728,68.852
2004,8,1,9,3,42.652,69.294
2004,8,1,10,35,42.576,69.735
2004,8,28,20,48,43.056,66.756
2004,8,28,22,20,42.983,67.201
2004,8,28,23,48,42.916,67.647
2004,8,29,1,19,42.841,68.09
2004,8,29,2,50,42.767,68.533
2004,8,29,4,23,42.695,68.976
2004,8,29,5,57,42.623,69.419
2004,8,29,7,29,42.553,69.861
2004,9,25,23,5,43.045,66.817
2004,9,26,0,40,42.974,67.263
2004,9,26,2,15,42.9,67.707
2004,9,26,3,50,42.825,68.149
2004,9,26,5,26,42.755,68.594
2004,9,26,7,3,42.684,69.037
2004,9,26,8,34,42.612,69.479
2004,9,26,10,2,42.54,69.921
2004,10,22,21,41,43.066,66.676
2004,10,22,23,10,42.995,67.121
2004,10,23,0,39,42.925,67.567
2004,10,23,2,9,42.854,68.011
2004,10,23,3,42,42.781,68.455
2004,10,23,5,24,42.706,68.897
2004,10,23,6,53,42.633,69.339
2004,10,23,8,23,42.563,69.782
2004,11,21,2,48,43.042,66.841
2004,11,21,4,12,42.97,67.286
2004,11,21,5,36,42.895,67.729
2004,11,21,6,59,42.819,68.172
2004,11,21,8,23,42.748,68.615
2004,11,21,9,47,42.681,69.06
2004,11,21,11,11,42.615,69.504
2004,11,21,12,35,42.537,69.945
2004,12,20,20,36,43.048,66.772
2004,12,20,22,3,42.986,67.22
2004,12,20,23,32,42.918,67.666
2004,12,21,1,0,42.849,68.111
2004,12,21,2,29,42.777,68.554
2004,12,21,3,58,42.704,68.997
2004,12,21,5,26,42.63,69.439
2004,12,21,6,54,42.55,69.879
2005,1,16,0,21,43.01,67.029
2005,1,16,1,42,42.939,67.475
2005,1,16,3,1,42.871,67.92
2005,1,16,4,23,42.8,68.364
2005,1,16,5,51,42.723,68.806
2005,1,16,7,10,42.651,69.249
2005,1,16,8,29,42.58,69.691
2005,2,15,1,50,43.045,66.915
2005,2,15,3,15,42.977,67.362
2005,2,15,4,41,42.905,67.806
2005,2,15,6,8,42.828,68.249
2005,2,15,7,36,42.746,68.689
2005,2,15,9,4,42.677,69.132
2005,2,15,10,34,42.608,69.576
2005,4,9,20,15,42.985,66.805
2005,4,9,21,47,42.919,67.252
2005,4,9,23,18,42.863,67.7
2005,4,10,0,48,42.825,68.152
2005,4,10,2,20,42.765,68.598
2005,4,10,3,50,42.696,69.042
2005,4,10,5,21,42.622,69.484
2005,4,10,6,55,42.547,69.925
2005,6,4,21,41,43.056,66.81
2005,6,4,23,11,42.978,67.253
2005,6,5,0,44,42.908,67.698
2005,6,5,2,18,42.837,68.143
2005,6,5,3,52,42.757,68.584
2005,6,5,5,26,42.685,69.027
2005,6,5,6,58,42.617,69.47
2005,6,5,8,31,42.548,69.913
2005,7,2,22,24,43.007,67.038
2005,7,2,23,50,42.935,67.483
2005,7,3,1,17,42.862,67.927
2005,7,3,2,45,42.792,68.372
2005,7,3,4,13,42.726,68.817
2005,7,3,5,34,42.659,69.261
2005,7,3,6,58,42.592,69.705
2005,7,30,22,28,43.009,67.042
2005,7,30,23,57,42.933,67.485
2005,7,31,1,30,42.861,67.929
2005,7,31,3,8,42.789,68.373
2005,7,31,4,38,42.722,68.818
2005,7,31,6,7,42.654,69.262
2005,7,31,7,46,42.591,69.706
2005,8,27,23,33,43.037,66.877
2005,8,28,0,57,42.961,67.321
2005,8,28,2,21,42.881,67.763
2005,8,28,3,45,42.811,68.207
2005,8,28,5,10,42.748,68.653
2005,8,28,6,34,42.686,69.099
2005,8,28,7,56,42.62,69.543
2005,8,28,9,20,42.551,69.986
2005,9,25,1,49,43.046,66.792
2005,9,25,3,17,42.983,67.24
2005,9,25,4,42,42.911,67.684
2005,9,25,6,9,42.839,68.128
2005,9,25,7,37,42.765,68.571
2005,9,25,9,4,42.689,69.013
2005,9,25,10,32,42.62,69.457
2005,9,25,11,59,42.553,69.9
2005,10,23,1,21,43.049,66.819
2005,10,23,2,40,42.977,67.264
2005,10,23,4,0,42.902,67.708
2005,10,23,5,23,42.831,68.152
2005,10,23,6,45,42.755,68.594
2005,10,23,8,8,42.678,69.036
2005,10,23,9,30,42.615,69.481
2005,10,23,10,53,42.544,69.923
2005,11,20,8,25,43.044,66.829
2005,11,20,10,1,42.97,67.273
2005,11,20,11,37,42.897,67.718
2005,11,20,13,12,42.826,68.162
2005,11,20,14,47,42.767,68.609
2005,11,20,16,17,42.688,69.05
2005,11,20,17,46,42.612,69.491
2005,11,20,19,14,42.539,69.933
2006,2,15,23,44,43.059,66.805
2006,2,16,1,19,42.994,67.251
2006,2,16,2,51,42.914,67.694
2006,2,16,4,21,42.829,68.133
2006,2,16,5,51,42.754,68.576
2006,2,16,7,12,42.685,69.02
2006,2,16,8,35,42.616,69.463
2006,2,16,10,2,42.545,69.905
2006,3,14,6,42,43.061,66.817
2006,3,14,8,14,42.994,67.264
2006,3,14,9,45,42.925,67.71
2006,3,14,11,17,42.854,68.154
2006,3,14,12,48,42.781,68.598
2006,3,14,14,20,42.707,69.04
2006,3,14,15,51,42.631,69.482
2006,3,14,17,23,42.553,69.922
2006,4,11,19,57,43.071,66.667
2006,4,11,20,40,43.035,66.89
2006,4,11,22,13,42.969,67.337
2006,4,11,23,43,42.899,67.782
2006,4,12,1,11,42.825,68.225
2006,4,12,2,36,42.749,68.668
2006,4,12,4,1,42.677,69.111
2006,4,12,5,26,42.605,69.553
2006,4,12,6,54,42.531,69.994
2006,5,7,0,8,43.05,66.842
2006,5,7,1,34,42.965,67.234
2006,5,7,2,59,42.906,67.682
2006,5,7,4,31,42.836,68.126
2006,5,7,5,59,42.764,68.57
2006,5,7,7,26,42.691,69.013
2006,5,7,8,53,42.62,69.456
2006,5,7,10,20,42.549,69.898
2006,6,3,21,31,43.047,66.808
2006,6,3,23,4,42.975,67.252
2006,6,4,0,37,42.906,67.698
2006,6,4,2,9,42.838,68.143
2006,6,4,3,39,42.76,68.585
2006,6,4,5,4,42.691,69.029
2006,6,4,6,28,42.62,69.472
2006,6,4,7,10,42.583,69.692
2006,7,1,19,5,43.043,66.813
2006,7,1,20,37,42.968,67.257
2006,7,1,22,14,42.897,67.702
2006,7,1,23,54,42.825,68.146
2006,7,2,1,32,42.755,68.59
2006,7,2,3,9,42.693,69.036
2006,7,2,4,50,42.616,69.477
2006,7,2,6,24,42.542,69.918
2006,7,30,22,1,43.024,66.819
2006,7,30,23,27,42.963,67.267
2006,7,31,0,54,42.899,67.714
2006,7,31,2,24,42.831,68.159
2006,7,31,3,56,42.758,68.602
2006,7,31,5,22,42.677,69.042
2006,7,31,6,48,42.608,69.485
2006,7,31,8,14,42.545,69.93
2006,8,26,2,22,43.053,66.821
2006,8,26,3,42,42.979,67.265
2006,8,26,5,5,42.895,67.706
2006,8,26,6,26,42.815,68.147
2006,8,26,7,48,42.744,68.591
2006,8,26,9,12,42.679,69.036
2006,8,26,10,28,42.613,69.48
2006,8,26,11,51,42.546,69.923
2006,9,23,21,48,43.06,66.676
2006,9,23,23,28,42.992,67.123
2006,9,24,1,3,42.925,67.569
2006,9,24,2,35,42.855,68.014
2006,9,24,4,8,42.781,68.457
2006,9,24,5,36,42.701,68.897
2006,9,24,7,4,42.63,69.34
2006,9,24,8,31,42.562,69.784
2006,10,23,1,0,43.054,66.839
2006,10,23,2,21,42.976,67.282
2006,10,23,3,45,42.906,67.728
2006,10,23,5,9,42.829,68.17
2006,10,23,6,34,42.752,68.612
2006,10,23,7,59,42.679,69.054
2006,10,23,9,28,42.608,69.497
2006,10,23,10,54,42.539,69.94
2006,11,19,3,34,43.032,66.81
2006,11,19,4,56,42.963,67.256
2006,11,19,6,18,42.899,67.703
2006,11,19,7,40,42.831,68.148
2006,11,19,9,2,42.759,68.592
2006,11,19,10,21,42.687,69.034
2006,11,19,11,35,42.617,69.478
2006,11,19,12,51,42.547,69.92
2006,12,17,3,46,43.04,66.819
2006,12,18,1,17,42.958,67.26
2006,12,18,1,22,42.884,67.704
2006,12,18,5,32,42.818,68.15
2006,12,18,7,11,42.751,68.595
2006,12,18,8,45,42.678,69.037
2006,12,18,2,45,42.613,69.482
2006,12,18,11,45,42.544,69.925
2007,1,15,22,2,43.054,66.77
2007,1,15,2,49,42.977,67.214
2007,1,15,4,20,42.904,67.658
2007,1,16,1,31,42.834,68.103
2007,1,16,1,18,42.764,68.547
2007,1,16,5,11,42.694,68.991
2007,1,16,6,34,42.624,69.434
2007,1,16,7,58,42.555,69.877
2007,2,11,4,7,43.051,66.82
2007,2,12,1,11,42.973,67.263
2007,2,12,0,54,42.902,67.708
2007,2,12,2,16,42.845,68.156
2007,2,12,5,21,42.769,68.598
2007,2,12,6,48,42.695,69.041
2007,2,12,1,37,42.623,69.483
2007,2,12,3,4,42.546,69.924
2007,3,12,3,24,43.049,66.82
2007,3,12,1,22,42.978,67.266
2007,3,12,1,1,42.905,67.71
2007,3,12,2,22,42.833,68.154
2007,3,12,8,43,42.759,68.597
2007,3,12,10,4,42.686,69.04
2007,3,12,11,24,42.621,69.484
2007,3,12,12,44,42.55,69.927
2007,4,8,3,35,43.046,66.845
2007,4,8,5,0,42.969,67.289
2007,4,8,6,28,42.879,67.727
2007,4,8,7,53,42.799,68.168
2007,4,8,9,20,42.727,68.612
2007,4,8,10,51,42.663,69.057
2007,4,8,2,37,42.609,69.504
2007,4,8,2,31,42.542,69.947
2007,5,5,2,6,43.047,66.804
2007,5,5,1,50,42.976,67.249
2007,5,5,1,35,42.905,67.694
2007,5,5,1,20,42.833,68.138
2007,5,5,2,45,42.76,68.582
2007,5,5,2,28,42.688,69.025
2007,5,5,11,23,42.617,69.468
2007,5,5,12,51,42.548,69.91
2007,6,3,1,37,43.048,66.801
2007,6,3,1,16,42.977,67.246
2007,6,3,5,59,42.904,67.69
2007,6,3,2,20,42.832,68.134
2007,6,3,2,1,42.761,68.578
2007,6,3,10,4,42.691,69.022
2008,6,29,9,31,43.077,66.649
2008,6,29,10,50,43.007,67.095
2008,6,29,12,9,42.934,67.54
2008,6,29,13,28,42.861,67.983
2008,6,29,14,47,42.785,68.426
2008,6,29,16,6,42.708,68.868
2008,6,29,17,24,42.629,69.308
2008,6,29,18,43,42.549,69.747
2008,6,29,19,23,42.508,69.967
2008,7,27,4,42,42.864,66.928
2008,7,27,6,3,42.764,67.362
2008,7,27,7,25,42.662,67.793
2008,7,27,8,51,42.554,68.222
2008,7,27,10,16,42.448,68.651
2008,7,27,11,40,42.373,69.088
2008,7,27,13,6,42.333,69.536
2008,7,27,14,46,42.345,69.986
2008,8,23,20,29,42.918,66.827
2008,8,23,21,57,42.799,67.25
2008,8,23,23,31,42.696,67.682
2008,8,24,1,4,42.593,68.113
2008,8,24,2,38,42.504,68.549
2008,8,24,4,11,42.407,68.981
2008,8,24,5,55,42.342,69.42
2008,8,24,7,39,42.348,69.869
2008,9,20,20,33,42.97,66.754
2008,9,20,22,1,42.853,67.18
2008,9,20,23,32,42.744,67.609
2008,9,21,1,8,42.648,68.042
2008,9,21,3,45,42.593,68.467
2008,9,21,5,16,42.438,68.865
2008,9,21,6,52,42.351,69.301
2008,9,21,8,24,42.327,69.749
2008,9,21,9,8,42.323,69.974
2008,10,18,20,17,42.908,66.979
2008,10,18,21,45,42.851,67.428
2008,10,18,23,14,42.793,67.875
2008,10,19,0,42,42.733,68.322
2008,10,19,2,10,42.671,68.767
2008,10,19,3,38,42.607,69.212
2008,10,19,5,6,42.542,69.656
2008,11,15,21,59,42.748,66.97
2008,11,16,0,23,42.81,67.398
2008,11,16,2,35,42.693,67.823
2008,11,16,4,35,42.577,68.248
2008,11,16,6,41,42.46,68.671
2008,11,16,8,41,42.36,69.102
2008,11,16,10,41,42.333,69.549
2008,12,14,11,11,42.926,66.767
2008,12,14,12,28,42.824,67.2
2008,12,14,13,46,42.715,67.63
2008,12,14,15,11,42.606,68.058
2008,12,14,16,39,42.495,68.484
2008,12,14,18,14,42.387,68.91
2008,12,14,19,47,42.339,69.357
2008,12,14,21,20,42.324,69.807
2009,2,9,10,13,42.959,66.741
2009,2,9,11,30,42.835,67.163
2009,2,9,12,55,42.727,67.593
2009,2,9,14,20,42.618,68.021
2009,2,9,15,44,42.507,68.448
2009,2,9,17,3,42.399,68.875
2009,2,9,18,32,42.346,69.321
2009,2,9,20,0,42.325,69.77
2009,2,9,20,44,42.321,69.995
2009,3,1,13,25,42.931,66.792
2009,3,1,15,4,42.823,67.222
2009,3,1,16,43,42.715,67.651
2009,3,1,18,18,42.605,68.079
2009,3,1,19,48,42.498,68.508
2009,3,1,21,5,42.403,68.941
2009,3,1,22,23,42.333,69.379
2009,3,1,23,44,42.322,69.829
2009,3,31,2,38,42.979,66.637
2009,4,24,19,23,42.956,66.728
2009,4,24,21,5,42.838,67.153
2009,4,24,22,43,42.726,67.581
2009,4,25,0,22,42.621,68.011
2009,4,25,2,5,42.511,68.439
2009,4,25,3,54,42.397,68.863
2009,4,25,5,49,42.344,69.306
2009,4,25,7,48,42.325,69.756
2009,4,25,8,47,42.33,69.981
2009,6,18,3,27,42.886,66.948
2009,6,18,4,43,42.778,67.378
2009,6,18,5,58,42.667,67.806
2009,6,18,7,14,42.558,68.234
2009,7,10,6,25,42.94,66.748
2009,7,10,7,44,42.828,67.177
2009,7,10,9,7,42.72,67.606
2009,7,10,10,29,42.611,68.035
2009,7,10,11,51,42.502,68.462
2009,7,10,13,18,42.402,68.892
2009,7,10,15,2,42.338,69.335
2009,7,10,16,58,42.323,69.786
2009,8,5,9,42,42.954,66.694
2009,8,5,11,0,42.839,67.121
2009,8,5,12,26,42.71,67.54
2009,8,5,13,47,42.609,67.972
2009,8,5,15,11,42.512,68.404
2009,8,5,16,32,42.408,68.834
2009,8,5,18,7,42.351,69.278
2009,8,5,19,58,42.325,69.727
2009,8,5,20,54,42.325,69.952
2009,8,29,21,50,42.95,66.713
2009,8,29,23,8,42.841,67.143
2009,8,30,0,45,42.731,67.571
2009,8,30,2,26,42.62,67.999
2009,8,30,4,0,42.509,68.426
2009,8,30,5,28,42.412,68.857
2009,8,30,6,52,42.344,69.299
2009,8,30,8,13,42.326,69.749
2009,9,25,19,41,42.935,66.769
2009,9,25,21,1,42.835,67.204
2009,9,25,22,21,42.735,67.57
2009,9,25,23,46,42.639,67.937
2009,9,26,1,17,42.527,68.36
2009,9,26,2,57,42.417,68.786
2009,9,26,4,27,42.359,69.23
2009,9,26,5,12,42.336,69.453
2009,10,24,20,17,42.961,66.661
2009,10,24,21,48,42.853,67.091
2009,10,24,23,19,42.743,67.52
2009,10,25,0,51,42.633,67.948
2009,10,25,2,27,42.524,68.376
2009,10,25,4,2,42.416,68.803
2009,10,25,5,38,42.356,69.245
2009,10,25,7,13,42.338,69.694
2009,10,25,8,0,42.342,69.92
2009,11,20,18,16,42.942,66.725
2009,11,20,19,55,42.834,67.156
2009,11,20,21,37,42.728,67.586
2009,11,20,23,19,42.614,68.012
2009,11,21,0,59,42.478,68.424
2009,11,21,2,32,42.317,68.817
2009,11,21,4,7,42.32,69.268
2009,11,21,5,39,42.322,69.719
2009,11,21,6,26,42.323,69.944
2009,12,20,11,7,42.873,66.708
2009,12,20,12,24,42.736,67.122
2009,12,20,13,52,42.592,67.531
2009,12,20,15,6,42.466,67.95
2009,12,20,20,9,42.347,68.754
2009,12,20,22,26,42.318,69.203
2009,12,21,0,14,42.323,69.653
2009,12,21,1,11,42.334,69.878
2010,1,16,23,13,42.869,66.728
2010,1,17,0,58,42.732,67.142
2010,1,17,2,45,42.597,67.556
2010,1,17,5,44,42.47,67.973
2010,1,17,8,56,42.319,68.834
2010,1,17,10,42,42.321,69.285
2010,1,17,12,11,42.323,69.736
2010,1,17,12,55,42.323,69.961
2010,2,13,17,3,43.014,66.805
2010,2,13,18,59,42.943,67.249
2010,2,13,20,55,42.872,67.693
2010,2,13,22,50,42.801,68.136
2010,2,14,0,46,42.73,68.58
2010,2,14,2,42,42.659,69.024
2010,2,14,4,38,42.588,69.468
2010,2,14,6,33,42.517,69.911
2010,3,13,18,0,42.773,66.957
2010,3,13,19,44,42.651,67.379
2010,3,13,21,25,42.519,67.795
2010,3,14,0,48,42.315,68.64
2010,3,14,2,27,42.317,69.09
2010,3,14,4,14,42.332,69.541
2010,3,14,6,1,42.347,69.991
2010,4,9,19,13,43.021,66.726
2010,4,9,21,13,42.948,67.17
2010,4,9,23,13,42.876,67.613
2010,4,10,1,13,42.803,68.056
2010,4,10,3,13,42.731,68.5
2010,4,10,5,13,42.658,68.943
2010,4,10,7,14,42.586,69.386
2010,4,10,9,14,42.513,69.83
2010,5,8,1,38,42.879,66.667
2010,5,8,3,15,42.749,67.085
2010,5,8,4,49,42.615,67.5
2010,5,8,6,23,42.474,67.91
2010,5,8,9,56,42.319,68.773
2010,5,8,12,12,42.318,69.223
2010,5,8,14,25,42.324,69.674
2010,5,8,15,32,42.327,69.9
2010,6,6,11,54,42.877,66.678
2010,6,6,13,14,42.744,67.094
2010,6,6,14,30,42.623,67.516
2010,6,6,15,45,42.502,67.938
2010,6,6,16,58,42.446,68.381
2010,6,6,18,12,42.413,68.83
2010,6,6,19,31,42.383,69.28
2010,6,6,20,55,42.351,69.722
2010,6,6,21,36,42.337,69.946
2010,9,25,23,14,42.884,66.673
2010,9,26,0,48,42.75,67.09
2010,9,26,8,35,42.643,67.518
2010,9,26,10,26,42.546,67.951
2010,9,26,12,17,42.45,68.384
2010,9,26,14,8,42.353,68.816
2010,9,26,15,37,42.327,69.26
2010,9,26,16,54,42.344,69.711
2010,9,26,17,33,42.352,69.936
2010,10,24,4,3,42.867,66.722
2010,10,24,5,27,42.745,67.145
2010,10,24,6,54,42.611,67.56
2010,10,24,8,21,42.469,67.969
2010,10,24,10,58,42.319,68.842
2010,10,24,12,16,42.322,69.293
2010,10,24,13,37,42.327,69.743
2010,10,24,14,20,42.332,69.969
2010,11,20,18,33,42.872,66.706
2010,11,20,20,45,42.72,67.098
2010,11,20,22,48,42.504,67.436
2010,11,21,4,2,42.311,68.745
2010,11,21,5,52,42.317,69.196
2010,11,21,7,45,42.323,69.647
2010,11,21,8,40,42.33,69.872
2010,12,21,19,47,42.811,66.882
2010,12,21,21,10,42.677,67.297
2010,12,21,22,44,42.541,67.71
2010,12,22,0,30,42.459,68.146
2010,12,22,4,11,42.336,69.033
2010,12,22,6,10,42.316,69.48
2010,12,22,8,17,42.338,69.93
2011,1,26,14,46,42.843,66.763
2011,1,26,16,25,42.709,67.179
2011,1,26,18,3,42.576,67.596
2011,1,26,19,41,42.442,68.012
2011,1,27,0,11,42.349,68.885
2011,1,27,2,40,42.356,69.336
2011,1,27,5,9,42.363,69.787
2011,2,24,18,4,42.828,66.821
2011,2,24,19,22,42.692,67.235
2011,2,24,20,41,42.556,67.649
2011,2,24,22,16,42.49,68.088
2011,2,24,23,58,42.451,68.536
2011,2,25,1,41,42.413,68.985
2011,2,25,3,23,42.374,69.433
2011,2,25,5,5,42.336,69.882
2011,3,22,11,7,42.883,66.689
2011,3,22,12,30,42.744,67.102
2011,3,22,13,51,42.61,67.517
2011,3,22,15,12,42.478,67.933
2011,3,22,18,13,42.313,68.791
2011,3,22,19,10,42.314,69.016
2011,4,20,12,57,42.858,66.757
2011,4,20,14,59,42.73,67.176
2011,4,20,17,5,42.604,67.595
2011,4,20,19,11,42.477,68.013
2011,4,21,2,11,42.318,68.874
2011,4,21,3,47,42.314,69.324
2011,4,21,6,55,42.316,69.775
2011,11,29,12,27,42.874,66.722
2011,11,29,13,44,42.749,67.143
2011,11,29,15,1,42.63,67.567
2011,11,29,16,45,42.518,67.993
2011,11,29,18,44,42.41,68.42
2011,11,29,20,48,42.316,68.851
2011,11,29,23,24,42.313,69.302
2011,11,30,2,10,42.316,69.752
2011,11,30,3,36,42.321,69.978
2011,12,25,20,2,42.868,66.731
2011,12,25,21,45,42.732,67.145
2011,12,25,23,26,42.597,67.56
2011,12,26,1,22,42.528,67.996
2011,12,26,3,26,42.501,68.446
2011,12,26,5,31,42.474,68.897
2011,12,26,7,35,42.447,69.347
2011,12,26,9,40,42.419,69.797
2012,1,23,9,50,42.877,66.693
2012,1,23,11,11,42.743,67.109
2012,1,23,12,32,42.609,67.523
2012,1,23,13,51,42.478,67.94
2012,1,23,16,36,42.327,68.808
2012,1,23,18,28,42.335,69.258
2012,1,23,20,30,42.349,69.708
2012,1,23,21,29,42.351,69.933
2012,2,19,23,7,42.862,66.718
2012,2,20,0,31,42.732,67.137
2012,2,20,1,52,42.596,67.551
2012,2,20,3,12,42.462,67.965
2012,2,20,6,30,42.327,68.841
2012,2,20,8,30,42.318,69.29
2012,2,20,10,38,42.317,69.741
2012,2,20,11,40,42.323,69.966
2012,3,18,13,11,42.85,66.763
2012,3,18,14,46,42.711,67.176
2012,3,18,16,30,42.576,67.591
2012,3,18,18,27,42.449,68.009
2012,3,18,22,29,42.319,68.882
2012,3,19,0,36,42.317,69.333
2012,3,19,2,46,42.324,69.783
2012,6,10,16,17,42.796,66.728
2012,6,10,17,48,42.675,67.151
2012,6,10,19,18,42.555,67.574
2012,6,10,20,51,42.436,67.996
2012,6,10,23,56,42.318,68.877
2012,6,11,1,31,42.321,69.328
2012,6,11,3,20,42.328,69.779
2012,7,7,16,41,42.91,66.835
2012,7,7,18,27,42.848,67.281
2012,7,7,20,13,42.785,67.726
2012,7,7,22,0,42.722,68.172
2012,7,7,23,46,42.659,68.617
2012,7,8,1,33,42.597,69.063
2012,7,8,3,19,42.534,69.509
2012,7,8,5,5,42.471,69.954
2012,9,29,6,51,42.861,66.736
2012,9,29,8,23,42.731,67.154
2012,9,29,9,55,42.604,67.573
2012,9,29,11,27,42.474,67.99
2012,9,29,14,43,42.316,68.845
2012,9,29,16,21,42.316,69.295
2012,9,29,18,2,42.32,69.746
2012,9,29,18,53,42.324,69.972
2012,10,31,1,8,42.793,66.807
2012,10,31,2,30,42.675,67.231
2012,12,1,11,35,42.772,66.756
2012,12,1,12,57,42.659,67.183
2012,12,1,14,17,42.545,67.608
2012,12,1,15,38,42.425,68.03
2012,12,1,18,32,42.314,68.907
2012,12,1,20,21,42.311,69.358
2012,12,1,22,17,42.312,69.808
2012,12,29,13,43,42.813,66.721
2012,12,29,15,13,42.671,67.131
2012,12,29,16,38,42.547,67.551
2012,12,29,18,0,42.426,67.972
2012,12,29,22,15,42.314,68.849
2012,12,30,1,1,42.33,69.299
2012,12,30,4,39,42.463,69.662
2013,2,8,8,55,42.286,69.654
2013,2,8,10,23,42.288,69.203
2013,2,8,11,51,42.29,68.752
2013,2,8,14,55,42.481,67.901
2013,2,8,16,31,42.595,67.476
2013,2,8,18,7,42.703,67.047
2013,2,8,19,46,42.825,66.625
2013,3,4,5,47,42.781,66.911
2013,3,4,7,19,42.656,67.331
2013,3,4,8,52,42.519,67.744
2013,3,4,13,41,42.321,69.041
2013,3,4,15,19,42.323,69.492
2013,3,4,17,8,42.327,69.942
2013,5,7,21,11,43.279,67.004
2013,5,7,23,33,43.324,67.458
2013,5,8,2,7,43.367,67.912
2013,5,31,3,15,43.236,66.627
2013,5,31,4,34,43.294,67.077
2013,5,31,5,53,43.349,67.529
2013,5,31,7,14,43.393,67.984
